,Date,Transaction,Name,Amount,Vendor
0,12/1/2017,DEBIT,DEBIT PURCHASE -VISA AMAZON DIGITAL S888-802-3080WA,-26.48,Amazon
1,12/1/2017,DEBIT,DEBIT PURCHASE -VISA TWC*TIMEWARNERCA513-469-1112OH,-90.59,Time Warner
2,12/4/2017,DEBIT,DEBIT PURCHASE -VISA MARATHON PETRO10LEXINGTON   KY,-15.21,Marathon
3,12/4/2017,DEBIT,WEB AUTHORIZED PMT CAPITAL ONE,-45.6,Capital One
4,12/5/2017,DEBIT,WEB AUTHORIZED PMT PL*LeinbachCompa,-727.53,Leinbach Rent
5,12/6/2017,DEBIT,DEBIT PURCHASE -VISA DELTA DENTAL OF OKEMOS      MI,-25.19,Delta Dental
6,12/8/2017,CREDIT,ELECTRONIC DEPOSIT Conduent Bus Svc,812.5,Conduent
7,12/8/2017,DEBIT,DEBIT PURCHASE -VISA PP*HUMBLEBUNDL H402-935-7733CA,-15.0,Humble
8,12/11/2017,DEBIT,DEBIT PURCHASE -VISA FANDANGO.COM    FANDANGO.COMCA,-20.27,Fandango
9,12/11/2017,DEBIT,DEBIT PURCHASE -VISA KROGER FUEL #872LEXINGTON   KY,-25.49,Kroger
10,12/11/2017,DEBIT,DEBIT PURCHASE -VISA AUTO AIR & VACUUPLAINVIEW   NY,-1.25,Air and Vacuum
11,12/11/2017,DEBIT,DEBIT PURCHASE - VISA Spotify USA     646-8375380 NY,-5.29,Spotify
12,12/11/2017,DEBIT,DEBIT PURCHASE - VISA AmazonPrime Membamzn.com/prmWA,-11.65,Amazon
13,12/11/2017,DEBIT,DEBIT PURCHASE COSTCO WHSE #115LEXINGTON   KY,-11.58,Costco
14,12/11/2017,DEBIT,DEBIT PURCHASE KROGER    3101 RLEXINGTON   KY,-12.23,Kroger
15,12/11/2017,DEBIT,DEBIT PURCHASE - VISA DSC*DOLLAR SHAVE866-2232780 CA,-3.0,Dollar Shave Club
16,12/11/2017,DEBIT,DEBIT PURCHASE -VISA WMV*MATCH.COM   800-326-5161TX,-26.39,Match
17,12/11/2017,DEBIT,DEBIT PURCHASE TARGET T- 1940 PLexington   KY,-37.09,Target
18,12/12/2017,DEBIT,DEBIT PURCHASE -VISA AUTO AIR & VACUUPLAINVIEW   NY,-1.5,Air and Vacuum
19,12/13/2017,DEBIT,DEBIT PURCHASE KROGER    4750 HLEXINGTON   KY,-10.44,Kroger
20,12/15/2017,DEBIT,DEBIT PURCHASE -VISA Audible         adbl.co/billNJ,-15.85,Audible
21,12/15/2017,DEBIT,DEBIT PURCHASE -VISA Audible US      888-283-5051NJ,-1.84,Audible
22,12/15/2017,DEBIT,DEBIT PURCHASE -VISA Audible US      888-283-5051NJ,-1.05,Audible
23,12/15/2017,DEBIT,DEBIT PURCHASE -VISA Audible US      888-283-5051NJ,-9.25,Audible
24,12/15/2017,DEBIT,WEB AUTHORIZED PMT CAPITAL ONE,-230.9,Capital One
25,12/18/2017,DEBIT,DEBIT PURCHASE -VISA STARBUCKS       800-782-7282WA,-10.0,Starbucks
26,12/18/2017,DEBIT,DEBIT PURCHASE KROGER    4750 HLEXINGTON   KY,-13.12,Kroger
27,12/18/2017,DEBIT,DEBIT PURCHASE -VISA SP * MVMT WATCHEMVMTWATCHES.CA,-85.0,Mvmt
28,12/18/2017,DEBIT,DEBIT PURCHASE -VISA REGAL CINEMAS HALEXINGTON   KY,-9.52,Regal Cinema
29,12/18/2017,DEBIT,DEBIT PURCHASE KROGER    4750 HLEXINGTON   KY,-8.83,Kroger
30,12/21/2017,DEBIT,DEBIT PURCHASE -VISA 1170 GREAT CLIPSLEXINGTON   KY,-25.0,Great Clips
31,12/21/2017,DEBIT,DEBIT PURCHASE KROGER    4750 HLEXINGTON   KY,-3.89,Kroger
32,12/22/2017,CREDIT,ELECTRONIC DEPOSIT Conduent Bus Svc,1062.94,Conduent
33,12/22/2017,DEBIT,DEBIT PURCHASE COSTCO WHSE #115LEXINGTON   KY,-42.92,Costco
34,12/22/2017,DEBIT,DEBIT PURCHASE BARNESNOBLE 1932Lexington   KY,-23.32,Liquor Barn
35,12/22/2017,DEBIT,DEBIT PURCHASE KROGER 4750 HARTLEXINGTON   KY,-2.51,Kroger
36,12/22/2017,DEBIT,DEBIT PURCHASE -VISA KROGER FUEL #872LEXINGTON   KY,-32.83,Kroger
37,12/26/2017,DEBIT,DEBIT PURCHASE - VISA PAYPAL *MUMBLEBO402-935-7733CA,-2.19,PayPal
38,12/26/2017,DEBIT,DEBIT PURCHASE -VISA Valve           425-8899642 WA,-1.99,Valve
39,12/26/2017,DEBIT,DEBIT PURCHASE -VISA Valve           425-8899642 WA,-12.98,Valve
40,12/26/2017,DEBIT,DEBIT PURCHASE - VISA STEAMGAMES.COM  425-889-9642WA,-9.74,Steam
41,12/26/2017,DEBIT,ELECTRONIC WITHDRAWAL PARK FCU,-199.09,Park FCU
42,12/27/2017,DEBIT,DEBIT PURCHASE -VISA BP#2661320SALYERSALYERSVILLEKY,-0.99,BP
43,12/28/2017,DEBIT,DEBIT PURCHASE -VISA Steamgames.com42425-9522985 WA,-19.98,Steam
44,12/28/2017,DEBIT,DEBIT PURCHASE -VISA BLUE GRASS ENERG888-5464243 KY,-100.01,Blue Grass Energy
45,12/28/2017,DEBIT,DEBIT PURCHASE Wal-Mart Store  LEXINGTON (SKY,-4.1,Wal-Mart
46,12/29/2017,DEBIT,DEBIT PURCHASE -VISA AMAZON.COM AMZN.AMZN.COM/BILWA,-9.21,Amazon
47,12/29/2017,DEBIT,DEBIT PURCHASE -VISA Amazon.com      AMZN.COM/BILWA,-13.76,Amazon
48,1/2/2018,DEBIT,DEBIT PURCHASE -VISA PP*HUMBLEBUNDL H402-935-7733CA,-12.0,Humble
49,1/2/2018,DEBIT,DEBIT PURCHASE -VISA TWC*TIMEWARNERCA513-469-1112OH,-90.59,Time Warner
50,1/2/2018,DEBIT,DEBIT PURCHASE KROGER    4750 HLEXINGTON   KY,-18.95,Kroger
51,1/2/2018,DEBIT,DEBIT PURCHASE KROGER    4750 HLEXINGTON   KY,-10.2,Kroger
52,1/2/2018,DEBIT,DEBIT PURCHASE KROGER    4750 HLEXINGTON   KY,-18.01,Kroger
53,1/3/2018,DEBIT,DEBIT PURCHASE -VISA Steamgames.com42425-9522985 WA,-29.99,Steam
54,1/3/2018,DEBIT,DEBIT PURCHASE -VISA BLIZZARD ENTERTA949-955-1380CA,-14.99,North Li
55,1/3/2018,DEBIT,WEB AUTHORIZED PMT PL*LeinbachCompa,-731.31,Leinbach Rent
56,1/4/2018,DEBIT,DEBIT PURCHASE COSTCO WHSE #115LEXINGTON   KY,-11.65,Costco
57,1/4/2018,DEBIT,DEBIT PURCHASE Wal-Mart Store  LEXINGTON (SKY,-104.06,Wal-Mart
58,1/4/2018,DEBIT,DEBIT PURCHASE KROGER    4750 HLEXINGTON   KY,-47.11,Kroger
59,1/4/2018,DEBIT,DEBIT PURCHASE -VISA KROGER FUEL #872LEXINGTON   KY,-32.68,Kroger
60,1/5/2018,CREDIT,ELECTRONIC DEPOSIT Conduent Bus Svc,791.33,Conduent
61,1/5/2018,DEBIT,DEBIT PURCHASE -VISA BOYD THORNTON   LEXINGTON   KY,-67.0,Boyd Thornton
62,1/5/2018,DEBIT,DEBIT PURCHASE TARGET T- 1940 PLexington   KY,-4.02,Target
63,1/8/2018,DEBIT,DEBIT PURCHASE -VISA DELTA DENTAL OF OKEMOS      MI,-25.19,Delta Dental
64,1/8/2018,DEBIT,DEBIT PURCHASE KROGER    4750 HLEXINGTON   KY,-6.57,Kroger
65,1/8/2018,DEBIT,DEBIT PURCHASE KROGER    4750 HLEXINGTON   KY,-34.96,Kroger
66,1/8/2018,DEBIT,DEBIT PURCHASE -VISA PP*HUMBLEBUNDL H402-935-7733CA,-8.0,Humble
67,1/9/2018,DEBIT,DEBIT PURCHASE - VISA Spotify USA     646-8375380 NY,-5.29,Spotify
68,1/9/2018,DEBIT,DEBIT PURCHASE - VISA AmazonPrime Membamzn.com/prmWA,-11.65,Amazon
69,1/10/2018,DEBIT,DEBIT PURCHASE KROGER    3101 RLEXINGTON   KY,-12.99,Kroger
70,1/16/2018,DEBIT,DEBIT PURCHASE -VISA SUITE SOLUTIONS 419-4756538 OH,-70.82,Suite Solutions
71,1/16/2018,DEBIT,DEBIT PURCHASE -VISA USA*AVI FOOD SYSWARREN      OH,-0.9,US Bank
72,1/16/2018,DEBIT,DEBIT PURCHASE KROGER    4750 HLEXINGTON   KY,-22.45,Kroger
73,1/16/2018,DEBIT,DEBIT PURCHASE KROGER    4750 HLEXINGTON   KY,-4.93,Kroger
74,1/16/2018,DEBIT,DEBIT PURCHASE -VISA Amazon Digital Samzn.com/bilWA,-6.99,Amazon
75,1/16/2018,DEBIT,DEBIT PURCHASE -VISA Audible         adbl.co/billNJ,-15.85,Audible
76,1/16/2018,DEBIT,DEBIT PURCHASE KROGER    4750 HLEXINGTON   KY,-24.04,Kroger
77,1/17/2018,CREDIT,DEBIT PURCHASE RET - VISA WALMART.COM     800-966-6546AR,46.64,Walmart
78,1/17/2018,DEBIT,DEBIT PURCHASE -VISA WALMART.COM     800-966-6546AR,-46.64,Walmart
79,1/17/2018,DEBIT,DEBIT PURCHASE KROGER 3101 RICHLEXINGTON   KY,-2.49,Kroger
80,1/18/2018,DEBIT,DEBIT PURCHASE -VISA AMAZON.COM AMZN.AMZN.COM/BILWA,-16.95,Amazon
81,1/18/2018,DEBIT,DEBIT PURCHASE -VISA KROGER FUEL #840LEXINGTON   KY,-32.33,Kroger
82,1/18/2018,DEBIT,DEBIT PURCHASE KROGER    4750 HLEXINGTON   KY,-12.71,Kroger
83,1/19/2018,CREDIT,ELECTRONIC DEPOSIT Conduent Bus Svc,825.39,Conduent
84,1/19/2018,DEBIT,WEB AUTHORIZED PMT CAPITAL ONE,-41.99,Capital One
85,1/22/2018,DEBIT,DEBIT PURCHASE -VISA THE PHYSICIANS G502-4791402 KY,-20.99,The Village Idiot
86,1/22/2018,DEBIT,DEBIT PURCHASE COSTCO WHSE #115LEXINGTON   KY,-167.81,Costco
87,1/22/2018,DEBIT,DEBIT PURCHASE -VISA CULVER'S OF LEXILEXINGTON   KY,-5.81,Dept of Education
88,1/22/2018,DEBIT,DEBIT PURCHASE KROGER    4750 HLEXINGTON   KY,-13.77,Kroger
89,1/22/2018,DEBIT,DEBIT PURCHASE KROGER    4750 HLEXINGTON   KY,-4.78,Kroger
90,1/22/2018,DEBIT,DEBIT PURCHASE -VISA Audible US      888-283-5051NJ,-8.33,Audible
91,1/23/2018,DEBIT,DEBIT PURCHASE -VISA BLIZZARD ENTERTA949-955-1380CA,-25.0,North Li
92,1/23/2018,DEBIT,DEBIT PURCHASE - VISA PAYPAL *MUMBLEBO402-935-7733CA,-2.19,PayPal
93,1/24/2018,DEBIT,DEBIT PURCHASE -VISA USA*AVI FOOD SYSWARREN      OH,-0.9,US Bank
94,1/24/2018,DEBIT,DEBIT PURCHASE -VISA PP*HUMBLEBUNDL  402-935-7733CA,-6.96,Humble
95,1/24/2018,DEBIT,ELECTRONIC WITHDRAWAL PARK FCU,-199.09,Park FCU
96,1/25/2018,DEBIT,DEBIT PURCHASE -VISA BLUE GRASS ENERG888-5464243 KY,-151.06,Blue Grass Energy
97,1/25/2018,DEBIT,DEBIT PURCHASE -VISA 1170 GREAT CLIPSLEXINGTON   KY,-20.0,Great Clips
98,1/26/2018,DEBIT,DEBIT PURCHASE - VISA SMITHSONIAN MAG 800-766-2149FL,-12.0,Smithsonian
99,1/29/2018,DEBIT,DEBIT PURCHASE -VISA PP*HUMBLEBUNDL H402-935-7733CA,-12.0,Humble
100,1/29/2018,DEBIT,DEBIT PURCHASE KROGER    4750 HLEXINGTON   KY,-6.25,Kroger
101,1/31/2018,DEBIT,DEBIT PURCHASE -VISA Amazon.com      AMZN.COM/BILWA,-16.92,Amazon
102,2/2/2018,CREDIT,ELECTRONIC DEPOSIT Conduent Bus Svc,941.1,Conduent
103,2/5/2018,DEBIT,DEBIT PURCHASE -VISA BLIZZARD ENTERTA949-955-1380CA,-14.99,North Li
104,2/5/2018,DEBIT,DEBIT PURCHASE -VISA STEAMGAMES.COM 4425-8899642 WA,-39.99,Steam
105,2/5/2018,DEBIT,WEB AUTHORIZED PMT PL*LeinbachCompa,-732.4,Leinbach Rent
106,2/5/2018,DEBIT,DEBIT PURCHASE COSTCO WHSE #115LEXINGTON   KY,-30.78,Costco
107,2/6/2018,DEBIT,DEBIT PURCHASE -VISA DELTA DENTAL OF OKEMOS      MI,-25.19,Delta Dental
108,2/7/2018,DEBIT,DEBIT PURCHASE -VISA AMAZON MKTPLACE AMZN.COM/BILWA,-13.99,Amazon
109,2/8/2018,DEBIT,DEBIT PURCHASE -VISA AMAZON.COM AMZN.AMZN.COM/BILWA,-6.88,Amazon
110,2/8/2018,DEBIT,DEBIT PURCHASE -VISA WWW.NEWEGG.COM  800-390-1119CA,-816.96,NewEgg
111,2/9/2018,DEBIT,DEBIT PURCHASE - VISA Spotify USA     646-8375380 NY,-5.29,Spotify
112,2/9/2018,DEBIT,DEBIT PURCHASE - VISA AmazonPrime Membamzn.com/prmWA,-11.65,Amazon
113,2/12/2018,CREDIT,ELECTRONIC DEPOSIT IRS  TREAS 310,1762.0,IRS Refund
114,2/12/2018,DEBIT,DEBIT PURCHASE -VISA AMAZON.COM AMZN.AMZN.COM/BILWA,-14.83,Amazon
115,2/12/2018,DEBIT,DEBIT PURCHASE -VISA KROGER FUEL #872LEXINGTON   KY,-29.9,Kroger
116,2/12/2018,DEBIT,DEBIT PURCHASE - VISA DSC*DOLLAR SHAVE866-2232780 CA,-3.0,Dollar Shave Club
117,2/13/2018,DEBIT,DEBIT PURCHASE -VISA Amazon.com      AMZN.COM/BILWA,-12.0,Amazon
118,2/15/2018,DEBIT,DEBIT PURCHASE -VISA PRIME VIDEO 888-888-802-3080WA,-6.99,Amazon Prime Video
119,2/15/2018,DEBIT,DEBIT PURCHASE -VISA Audible         adbl.co/billNJ,-15.85,Audible
120,2/16/2018,CREDIT,ELECTRONIC DEPOSIT Conduent Bus Svc,841.61,Conduent
121,2/20/2018,DEBIT,DEBIT PURCHASE -VISA PANDA CUISINEATS866-654-8777WI,-26.09,Air and Vacuum
122,2/20/2018,DEBIT,DEBIT PURCHASE KROGER    4750 HLEXINGTON   KY,-17.76,Kroger
123,2/20/2018,DEBIT,DEBIT PURCHASE -VISA Steamgames.com42425-9522985 WA,-28.22,Steam
124,2/20/2018,DEBIT,DEBIT PURCHASE KROGER    4750 HLEXINGTON   KY,-3.48,Kroger
125,2/21/2018,DEBIT,DEBIT PURCHASE -VISA WMV*OKCUPID.COM 646-450-7073TX,-29.7,OkCupid
126,2/23/2018,DEBIT,DEBIT PURCHASE - VISA PAYPAL *MUMBLEBO402-935-7733CA,-2.19,PayPal
127,2/26/2018,DEBIT,DEBIT PURCHASE -VISA SUITE SOLUTIONS 419-4756538 OH,-70.82,Suite Solutions
128,2/26/2018,DEBIT,DEBIT PURCHASE -VISA TWC*TIMEWARNERCA513-469-1112OH,-27.18,Time Warner
129,2/26/2018,DEBIT,DEBIT PURCHASE -VISA BLUE GRASS ENERG888-5464243 KY,-164.62,Blue Grass Energy
130,2/26/2018,DEBIT,DEBIT PURCHASE -VISA 1170 GREAT CLIPSLEXINGTON   KY,-20.0,Great Clips
131,2/26/2018,DEBIT,ELECTRONIC WITHDRAWAL PARK FCU,-199.09,Park FCU
132,2/27/2018,CREDIT,ELECTRONIC DEPOSIT DEPT OF REVENUE,119.0,Dept of Education
133,2/27/2018,DEBIT,DEBIT PURCHASE -VISA Amazon.com      AMZN.COM/BILWA,-115.02,Amazon
134,3/1/2018,DEBIT,DEBIT PURCHASE -VISA Amazon.com      AMZN.COM/BILWA,-33.76,Amazon
135,3/2/2018,CREDIT,ELECTRONIC DEPOSIT Conduent Bus Svc,750.39,Conduent
136,3/2/2018,DEBIT,DEBIT PURCHASE -VISA DNH*GODADDY.COM 480-5058855 AZ,-43.32,GoDaddy
137,3/2/2018,DEBIT,WEB AUTHORIZED PMT CAPITAL ONE,-115.9,Capital One
138,3/2/2018,DEBIT,DEBIT PURCHASE KROGER    3101 RLEXINGTON   KY,-48.14,Kroger
139,3/5/2018,DEBIT,DEBIT PURCHASE - VISA BLIZZARD ENTERTA949-955-1380CA,-14.99,North Li
140,3/5/2018,DEBIT,DEBIT PURCHASE -VISA KROGER FUEL #872LEXINGTON   KY,-32.58,Kroger
141,3/5/2018,DEBIT,DEBIT PURCHASE AT HOME #25     LEXINGTON   KY,-14.82,Lexington Sport Social Club
142,3/6/2018,DEBIT,DEBIT PURCHASE -VISA DELTA DENTAL OF OKEMOS      MI,-25.19,Delta Dental
143,3/6/2018,DEBIT,DEBIT PURCHASE -VISA Amazon Digital S888-802-3080WA,-7.94,Amazon
144,3/6/2018,DEBIT,WEB AUTHORIZED PMT PL*LeinbachCompa,-735.97,Leinbach Rent
145,3/8/2018,DEBIT,DEBIT PURCHASE -VISA STEAMGAMES.COM 4425-8899642 WA,-3.99,Steam
146,3/9/2018,DEBIT,DEBIT PURCHASE - VISA Spotify USA     646-8375380 NY,-5.29,Spotify
147,3/12/2018,DEBIT,DEBIT PURCHASE -VISA PP*HUMBLEBUNDL  402-935-7733CA,-40.49,Humble
148,3/12/2018,DEBIT,DEBIT PURCHASE -VISA LIQUOR BARN - HALEXINGTON   KY,-45.57,North Li
149,3/12/2018,DEBIT,DEBIT PURCHASE -VISA COSTCO WHSE #115LEXINGTON   KY,-44.85,Costco
150,3/12/2018,DEBIT,DEBIT PURCHASE KROGER    4750 HLEXINGTON   KY,-26.07,Kroger
151,3/14/2018,DEBIT,DEBIT PURCHASE - VISA WMV*MATCH.COM   800-326-5161TX,-65.97,Match
152,3/14/2018,DEBIT,DEBIT PURCHASE -VISA PP*HUMBLEBUNDL H402-935-7733CA,-1.0,Humble
153,3/15/2018,DEBIT,DEBIT PURCHASE -VISA Amazon Digital Samzn.com/bilWA,-6.99,Amazon
154,3/16/2018,CREDIT,ELECTRONIC DEPOSIT Conduent Bus Svc,749.26,Conduent
155,3/19/2018,DEBIT,DEBIT PURCHASE -VISA COSTCO WHSE #115LEXINGTON   KY,-10.99,Costco
156,3/19/2018,DEBIT,DEBIT PURCHASE COSTCO WHSE #115LEXINGTON   KY,-40.0,Costco
157,3/21/2018,DEBIT,DEBIT PURCHASE -VISA AMAZON MKTPLACE AMZN.COM/BILWA,-45.39,Amazon
158,3/21/2018,DEBIT,DEBIT PURCHASE -VISA PAYPAL *LEXSSC C402-935-7733KY,-59.0,PayPal
159,3/22/2018,DEBIT,DEBIT PURCHASE -VISA AMAZON MKTPLACE WWW.AMAZON.CWA,-9.97,Amazon
160,3/23/2018,DEBIT,DEBIT PURCHASE -VISA SUITE SOLUTIONS 419-4756538 OH,-70.82,Suite Solutions
161,3/23/2018,DEBIT,DEBIT PURCHASE - VISA PAYPAL *MUMBLEBO402-935-7733CA,-2.19,PayPal
162,3/23/2018,DEBIT,DEBIT PURCHASE -VISA AMAZON MKTPLACE AMZN.COM/BILWA,-21.49,Amazon
163,3/23/2018,DEBIT,DEBIT PURCHASE -VISA 1170 GREAT CLIPSLEXINGTON   KY,-20.0,Great Clips
164,3/26/2018,DEBIT,DEBIT PURCHASE -VISA AMAZON MKTPLACE AMZN.COM/BILWA,-45.23,Amazon
165,3/26/2018,DEBIT,DEBIT PURCHASE -VISA BLUE GRASS ENERG888-5464243 KY,-96.94,Blue Grass Energy
166,3/26/2018,DEBIT,ELECTRONIC WITHDRAWAL PARK FCU,-199.09,Park FCU
167,3/30/2018,CREDIT,ELECTRONIC DEPOSIT Conduent Bus Svc,751.73,Conduent
168,3/30/2018,DEBIT,DEBIT PURCHASE -VISA Amazon.com      AMZN.COM/BILWA,-13.77,Amazon
169,3/30/2018,DEBIT,DEBIT PURCHASE -VISA DICK'S SPORTINGGLEXINGTON   KY,-107.03,Dick's
170,3/30/2018,DEBIT,DEBIT PURCHASE -VISA KROGER FUEL #872LEXINGTON   KY,-35.71,Kroger
171,3/30/2018,DEBIT,DEBIT PURCHASE COSTCO WHSE #115LEXINGTON   KY,-54.44,Costco
172,4/2/2018,DEBIT,DEBIT PURCHASE -VISA PP*HUMBLEBUNDL H402-935-7733CA,-12.0,Humble
173,4/2/2018,DEBIT,DEBIT PURCHASE -VISA STEAMGAMES.COM  425-889-9642WA,-1.49,Steam
174,4/3/2018,DEBIT,DEBIT PURCHASE - VISA BLIZZARD ENTERTA949-955-1380CA,-14.99,North Li
175,4/3/2018,DEBIT,DEBIT PURCHASE -VISA LIQUOR BARN-RICHLEXINGTON   KY,-21.19,North Li
176,4/3/2018,DEBIT,WEB AUTHORIZED PMT PL*LeinbachCompa,-730.58,Leinbach Rent
177,4/4/2018,DEBIT,DEBIT PURCHASE -VISA AMAZON MKTPLACE AMZN.COM/BILWA,-31.79,Amazon
178,4/4/2018,DEBIT,DEBIT PURCHASE -VISA AMAZON MKTPLACE AMZN.COM/BILWA,-7.6,Amazon
179,4/6/2018,DEBIT,DEBIT PURCHASE -VISA DELTA DENTAL OF OKEMOS      MI,-25.19,Delta Dental
180,4/6/2018,DEBIT,DEBIT PURCHASE -VISA Amazon.com      AMZN.COM/BILWA,-6.0,Amazon
181,4/6/2018,DEBIT,WEB AUTHORIZED PMT CAPITAL ONE,-251.73,Capital One
182,4/9/2018,DEBIT,DEBIT PURCHASE SAMSCLUB #8188  LEXINGTON   KY,-38.1,Sams Club
183,4/9/2018,DEBIT,DEBIT PURCHASE -VISA DICK'S CLOTHING&LEXINGTON   KY,-25.44,Dick's
184,4/9/2018,DEBIT,DEBIT PURCHASE -VISA WILLIAMS-SONOMA LEXINGTON   KY,-12.68,North Li
185,4/9/2018,DEBIT,DEBIT PURCHASE - VISA Spotify USA     646-8375380 NY,-5.29,Spotify
186,4/9/2018,DEBIT,DEBIT PURCHASE - VISA AmazonPrime Membamzn.com/prmWA,-13.77,Amazon
187,4/10/2018,DEBIT,DEBIT PURCHASE -VISA KROGER FUEL #872LEXINGTON   KY,-15.0,Kroger
188,4/11/2018,DEBIT,DEBIT PURCHASE -VISA AMZN InstallmentAMZN.COM/BILWA,-20.8,Amazon
189,4/11/2018,DEBIT,DEBIT PURCHASE - VISA DSC*DOLLAR SHAVE866-2232780 CA,-3.0,Dollar Shave Club
190,4/12/2018,DEBIT,DEBIT PURCHASE -VISA BLIZZARD ENTERTA949-955-1380CA,-49.99,North Li
191,4/13/2018,CREDIT,ELECTRONIC DEPOSIT Conduent Bus Svc,635.37,Conduent
192,4/13/2018,CREDIT,ATM DEPOSIT US BANK RICHMONDLEXINGTON   KYUS1,71.06,US Bank
193,4/16/2018,DEBIT,DEBIT PURCHASE KROGER #7 4750 HLEXINGTON   KY,-35.66,Kroger
194,4/16/2018,DEBIT,DEBIT PURCHASE -VISA Audible         adbl.co/billNJ,-15.85,Audible
195,4/18/2018,DEBIT,DEBIT PURCHASE -VISA 1170 GREAT CLIPSLEXINGTON   KY,-20.0,Great Clips
196,4/18/2018,DEBIT,DEBIT PURCHASE -VISA KROGER FUEL #872LEXINGTON   KY,-36.33,Kroger
197,4/18/2018,DEBIT,DEBIT PURCHASE KROGER #7 4750 HLEXINGTON   KY,-8.99,Kroger
198,4/19/2018,DEBIT,DEBIT PURCHASE -VISA AMAZON.COM AMZN.AMZN.COM/BILWA,-13.77,Amazon
199,4/19/2018,DEBIT,DEBIT PURCHASE -VISA KROGER #721     LEXINGTON   KY,-15.56,Kroger
200,4/23/2018,DEBIT,DEBIT PURCHASE -VISA BOYD THORNTON   LEXINGTON   KY,-120.0,Boyd Thornton
201,4/23/2018,DEBIT,DEBIT PURCHASE -VISA YELPINC*EATSTREESHOP@YELP.COCA,-18.17,El Taco Luchador
202,4/23/2018,DEBIT,DEBIT PURCHASE -VISA PAYPAL *FANATICA35314369001,-4.99,PayPal
203,4/23/2018,DEBIT,INTERNATIONAL PROCESSING FEE ,-0.09,International Processing Fee
204,4/23/2018,DEBIT,DEBIT PURCHASE -VISA KROGER #721     LEXINGTON   KY,-23.82,Kroger
205,4/23/2018,DEBIT,DEBIT PURCHASE -VISA KROGER #721     LEXINGTON   KY,-40.27,Kroger
206,4/23/2018,DEBIT,DEBIT PURCHASE - VISA PAYPAL *MUMBLEBO402-935-7733CA,-2.19,PayPal
207,4/23/2018,DEBIT,DEBIT PURCHASE -VISA COSTCO WHSE #115LEXINGTON   KY,-9.99,Costco
208,4/23/2018,DEBIT,DEBIT PURCHASE -VISA TARGET        00LEXINGTON   KY,-16.3,Target
209,4/24/2018,DEBIT,DEBIT PURCHASE -VISA SUITE SOLUTIONS 419-4756538 OH,-70.82,Suite Solutions
210,4/24/2018,DEBIT,DEBIT PURCHASE -VISA ROKU FOR HBO    816-272-8106CA,-14.99,HBO
211,4/24/2018,DEBIT,DEBIT PURCHASE -VISA KROGER #407     LEXINGTON   KY,-8.34,Kroger
212,4/24/2018,DEBIT,ELECTRONIC WITHDRAWAL PARK FCU,-199.09,Park FCU
213,4/25/2018,DEBIT,DEBIT PURCHASE -VISA BLUE GRASS ENERG888-5464243 KY,-107.8,Blue Grass Energy
214,4/27/2018,CREDIT,ELECTRONIC DEPOSIT Conduent Bus Svc,651.32,Conduent
215,4/30/2018,DEBIT,DEBIT PURCHASE -VISA AMAZON MKTPLACE AMZN.COM/BILWA,-10.99,Amazon
216,4/30/2018,DEBIT,DEBIT PURCHASE -VISA KROGER #721     LEXINGTON   KY,-32.33,Kroger
217,4/30/2018,DEBIT,DEBIT PURCHASE KROGER #7 4750 HLEXINGTON   KY,-9.17,Kroger
218,5/2/2018,DEBIT,DEBIT PURCHASE -VISA KROGER #721     LEXINGTON   KY,-14.83,Kroger
219,5/2/2018,DEBIT,DEBIT PURCHASE -VISA KROGER #721     LEXINGTON   KY,-7.0,Kroger
220,5/3/2018,DEBIT,WEB AUTHORIZED PMT PL*LeinbachCompa,-729.12,Leinbach Rent
221,5/4/2018,DEBIT,DEBIT PURCHASE KROGER #7 4750 HLEXINGTON   KY,-33.86,Kroger
222,5/7/2018,DEBIT,DEBIT PURCHASE -VISA KROGER #721     LEXINGTON   KY,-31.79,Kroger
223,5/7/2018,DEBIT,DEBIT PURCHASE -VISA KROGER #721     LEXINGTON   KY,-4.67,Kroger
224,5/7/2018,DEBIT,DEBIT PURCHASE -VISA SQ *COMMON GROUNLEXINGTON   KY,-5.49,Common Grounds
225,5/7/2018,DEBIT,CHECK PRINTING CHARGE 180504CHECK/ACC.8410216800                  PPD,-19.72,Check
226,5/8/2018,DEBIT,DEBIT PURCHASE -VISA DELTA DENTAL OF OKEMOS      MI,-25.19,Delta Dental
227,5/9/2018,DEBIT,DEBIT PURCHASE -VISA AMAZON MKTPLACE AMZN.COM/BILWA,-14.79,Amazon
228,5/9/2018,DEBIT,DEBIT PURCHASE - VISA Spotify USA     646-8375380 NY,-5.29,Spotify
229,5/9/2018,DEBIT,DEBIT PURCHASE - VISA AmazonPrime Membamzn.com/prmWA,-13.77,Amazon
230,5/10/2018,DEBIT,DEBIT PURCHASE KROGER #7 4750 HLEXINGTON   KY,-16.15,Kroger
231,5/11/2018,CREDIT,ELECTRONIC DEPOSIT Conduent Bus Svc,1235.11,Conduent
232,5/11/2018,DEBIT,DEBIT PURCHASE -VISA AMZN InstallmentAMZN.COM/BILWA,-16.0,Amazon
233,5/11/2018,DEBIT,DEBIT PURCHASE -VISA KROGER #721     LEXINGTON   KY,-18.01,Kroger
234,5/11/2018,DEBIT,DEBIT PURCHASE -VISA KROGER FUEL #872LEXINGTON   KY,-40.22,Kroger
235,5/11/2018,DEBIT,DEBIT PURCHASE -VISA KROGER #721     LEXINGTON   KY,-2.49,Kroger
236,5/14/2018,DEBIT,DEBIT PURCHASE -VISA 1170 GREAT CLIPSLEXINGTON   KY,-20.0,Great Clips
237,5/14/2018,DEBIT,DEBIT PURCHASE KROGER #7 4750 HLEXINGTON   KY,-16.98,Kroger
238,5/15/2018,DEBIT,DEBIT PURCHASE -VISA COSTCO WHSE #115LEXINGTON   KY,-49.41,Costco
239,5/15/2018,DEBIT,DEBIT PURCHASE -VISA SHAMMYS AUTO WASLEXINGTON   KY,-9.0,Lexington Sport Social Club
240,5/15/2018,DEBIT,DEBIT PURCHASE -VISA Audible         adbl.co/billNJ,-15.85,Audible
241,5/16/2018,DEBIT,DEBIT PURCHASE -VISA Steamgames.com42425-9522985 WA,-4.94,Steam
242,5/17/2018,DEBIT,DEBIT PURCHASE -VISA KROGER #721     LEXINGTON   KY,-4.23,Kroger
243,5/18/2018,DEBIT,DEBIT PURCHASE -VISA KROGER #721     LEXINGTON   KY,-26.49,Kroger
244,5/18/2018,DEBIT,DEBIT PURCHASE -VISA KROGER #721     LEXINGTON   KY,-5.0,Kroger
245,5/21/2018,DEBIT,DEBIT PURCHASE - VISA STEAMGAMES.COM  425-889-9642WA,-15.0,Steam
246,5/21/2018,DEBIT,DEBIT PURCHASE -VISA FIRST WATCH MAN LEXINGTON   KY,-15.03,IRS Refund
247,5/21/2018,DEBIT,DEBIT PURCHASE -VISA TARGET        00LEXINGTON   KY,-8.46,Target
248,5/21/2018,DEBIT,DEBIT PURCHASE -VISA GAMESTOP #839   LEXINGTON   KY,-42.39,Gamestop
249,5/21/2018,DEBIT,DEBIT PURCHASE -VISA STARBUCKS STORE LEXINGTON   KY,-5.88,Starbucks
250,5/21/2018,DEBIT,DEBIT PURCHASE -VISA DAIRY QUEEN #130PRESTONSBURGKY,-3.27,Air and Vacuum
251,5/21/2018,DEBIT,DEBIT PURCHASE -VISA KROGER #721     LEXINGTON   KY,-21.46,Kroger
252,5/21/2018,DEBIT,DEBIT PURCHASE -VISA LYFT   *RIDE SATLYFT.COM    CA,-23.91,Lyft
253,5/21/2018,DEBIT,DEBIT PURCHASE -VISA LYFT   *RIDE SATLYFT.COM    CA,-27.15,Lyft
254,5/21/2018,DEBIT,DEBIT PURCHASE -VISA KROGER #721     LEXINGTON   KY,-4.94,Kroger
255,5/22/2018,DEBIT,DEBIT PURCHASE -VISA AMAZON MKTPLACE WWW.AMAZON.CWA,-6.63,Amazon
256,5/22/2018,DEBIT,DEBIT PURCHASE -VISA AMAZON MKTPLACE WWW.AMAZON.CWA,-71.17,Amazon
257,5/22/2018,DEBIT,DEBIT PURCHASE -VISA GIANT BOMB      888-274-5343CA,-37.1,Giant Bomb
258,5/23/2018,DEBIT,DEBIT PURCHASE -VISA SUITE SOLUTIONS 419-4756538 OH,-70.82,Suite Solutions
259,5/23/2018,DEBIT,DEBIT PURCHASE - VISA PAYPAL *MUMBLEBO402-935-7733CA,-2.19,PayPal
260,5/23/2018,0000000177,CHECK,-184.6,Check
261,5/24/2018,DEBIT,DEBIT PURCHASE -VISA THE SPORT & SOCI603-8674422 KY,-59.0,The Village Idiot
262,5/24/2018,DEBIT,DEBIT PURCHASE -VISA BLUE GRASS ENERG888-5464243 KY,-89.85,Blue Grass Energy
263,5/24/2018,DEBIT,ELECTRONIC WITHDRAWAL PARK FCU,-199.09,Park FCU
264,5/25/2018,CREDIT,ELECTRONIC DEPOSIT Conduent Bus Svc,1508.16,Conduent
265,5/25/2018,DEBIT,DEBIT PURCHASE -VISA ROKU FOR HBO    816-272-8107CA,-14.99,HBO
266,5/25/2018,DEBIT,DEBIT PURCHASE -VISA KROGER #721     LEXINGTON   KY,-13.45,Kroger
267,5/29/2018,DEBIT,DEBIT PURCHASE -VISA PP*HUMBLEBUNDL H402-935-7733CA,-12.0,Humble
268,5/29/2018,DEBIT,DEBIT PURCHASE -VISA WAL-MART #2060  LEXINGTON   KY,-29.46,Wal-Mart
269,5/29/2018,DEBIT,DEBIT PURCHASE -VISA KROGER FUEL #872LEXINGTON   KY,-44.8,Kroger
270,5/29/2018,DEBIT,DEBIT PURCHASE -VISA MOD TATES CREEK LEXINGTON   KY,-12.22,Mod Pizza
271,5/29/2018,DEBIT,DEBIT PURCHASE -VISA DICK'S CLOTHING&LEXINGTON   KY,-95.4,Dick's
272,5/29/2018,DEBIT,DEBIT PURCHASE -VISA AMAZON.COM AMZN.AMZN.COM/BILWA,-28.89,Amazon
273,5/29/2018,DEBIT,DEBIT PURCHASE -VISA KROGER #721     LEXINGTON   KY,-6.4,Kroger
274,5/29/2018,DEBIT,WEB AUTHORIZED PMT CAPITAL ONE,-153.2,Capital One
275,5/30/2018,DEBIT,DEBIT PURCHASE -VISA FANDANGO.COM    FANDANGO.COMCA,-8.92,Fandango
276,5/30/2018,DEBIT,DEBIT PURCHASE -VISA CINEMARK THEATRELEXINGTON   KY,-4.25,Cinemark
277,6/4/2018,DEBIT,DEBIT PURCHASE -VISA KROGER #721     LEXINGTON   KY,-25.43,Kroger
278,6/4/2018,DEBIT,DEBIT PURCHASE -VISA KROGER #721     LEXINGTON   KY,-11.53,Kroger
279,6/4/2018,DEBIT,DEBIT PURCHASE -VISA WAL-MART #2060  LEXINGTON   KY,-17.37,Wal-Mart
280,6/4/2018,DEBIT,DEBIT PURCHASE -VISA KROGER #721     LEXINGTON   KY,-7.28,Kroger
281,6/4/2018,DEBIT,DEBIT PURCHASE -VISA CARRABBAS 6802  RICHMOND    KY,-50.0,Carrabbas
282,6/4/2018,DEBIT,DEBIT PURCHASE -VISA KROGER #721     LEXINGTON   KY,-12.61,Kroger
283,6/4/2018,DEBIT,WEB AUTHORIZED PMT PL*LeinbachCompa,-728.52,Leinbach Rent
284,6/6/2018,DEBIT,DEBIT PURCHASE -VISA AMAZON MKTPLACE WWW.AMAZON.CWA,-4.99,Amazon
285,6/6/2018,DEBIT,DEBIT PURCHASE -VISA DELTA DENTAL OF OKEMOS      MI,-25.19,Delta Dental
286,6/6/2018,DEBIT,DEBIT PURCHASE -VISA KROGER #721     LEXINGTON   KY,-33.9,Kroger
287,6/7/2018,DEBIT,DEBIT PURCHASE -VISA APL* ITUNES.COM/866-712-7753CA,-6.35,iTunes
288,6/8/2018,CREDIT,ELECTRONIC DEPOSIT Conduent Bus Svc,2242.93,Conduent
289,6/8/2018,DEBIT,DEBIT PURCHASE -VISA 1170 GREAT CLIPSLEXINGTON   KY,-20.0,Great Clips
290,6/8/2018,DEBIT,DEBIT PURCHASE -VISA KROGER #721     LEXINGTON   KY,-16.32,Kroger
291,6/11/2018,DEBIT,DEBIT PURCHASE - VISA Spotify USA     646-8375380 NY,-5.29,Spotify
292,6/11/2018,DEBIT,DEBIT PURCHASE - VISA AmazonPrime Membamzn.com/prmWA,-13.77,Amazon
293,6/11/2018,DEBIT,DEBIT PURCHASE -VISA AMZN InstallmentAMZN.COM/BILWA,-16.0,Amazon
294,6/11/2018,DEBIT,DEBIT PURCHASE -VISA SAMSCLUB #8188  LEXINGTON   KY,-43.38,Sams Club
295,6/11/2018,DEBIT,DEBIT PURCHASE -VISA COSTCO WHSE #115LEXINGTON   KY,-36.26,Costco
296,6/12/2018,DEBIT,DEBIT PURCHASE -VISA SQ *GOODFELLAS Mgosq.com    KY,-18.97,Goodfellas Pizza
297,6/13/2018,DEBIT,DEBIT PURCHASE -VISA AMAZON.COM AMZN.AMZN.COM/BILWA,-13.23,Amazon
298,6/14/2018,DEBIT,DEBIT PURCHASE -VISA EYEBUYDIRECT INC512-241-0654TX,-33.91,Eyebuydirect
299,6/15/2018,DEBIT,DEBIT PURCHASE -VISA ZAXBY'S #31303  LEXINGTON   KY,-6.88,Zaxby's
300,6/15/2018,DEBIT,DEBIT PURCHASE -VISA KROGER #721     LEXINGTON   KY,-2.96,Kroger
301,6/15/2018,DEBIT,DEBIT PURCHASE -VISA KROGER #721     LEXINGTON   KY,-0.99,Kroger
302,6/15/2018,DEBIT,DEBIT PURCHASE -VISA Audible         adbl.co/billNJ,-15.85,Audible
303,6/15/2018,DEBIT,DEBIT PURCHASE COSTCO WHSE #115LEXINGTON   KY,-243.77,Costco
304,6/18/2018,CREDIT,ATM DEPOSIT US BANK RICHMONDLEXINGTON   KYUS1,343.77,US Bank
305,6/18/2018,DEBIT,DEBIT PURCHASE -VISA KROGER #721     LEXINGTON   KY,-10.66,Kroger
306,6/18/2018,DEBIT,DEBIT PURCHASE -VISA GAMESTOP #839   LEXINGTON   KY,-40.0,Gamestop
307,6/18/2018,DEBIT,DEBIT PURCHASE -VISA TARGET        00LEXINGTON   KY,-10.05,Target
308,6/18/2018,DEBIT,DEBIT PURCHASE -VISA 51901 - NORTH LILEXINGTON   KY,-10.0,North Li
309,6/18/2018,DEBIT,DEBIT PURCHASE -VISA WEST MAIN CRAFTILEXINGTON   KY,-27.26,West Main
310,6/18/2018,DEBIT,DEBIT PURCHASE -VISA SQ *GOODFELLAS MLEXINGTON   KY,-8.53,Goodfellas Pizza
311,6/18/2018,DEBIT,DEBIT PURCHASE -VISA KROGER FUEL #872LEXINGTON   KY,-38.54,Kroger
312,6/18/2018,DEBIT,DEBIT PURCHASE -VISA STARBUCKS       800-782-7282WA,-25.0,Starbucks
313,6/18/2018,DEBIT,DEBIT PURCHASE -VISA KROGER #721     LEXINGTON   KY,-12.92,Kroger
314,6/18/2018,DEBIT,DEBIT PURCHASE -VISA KROGER #721     LEXINGTON   KY,-15.89,Kroger
315,6/19/2018,DEBIT,DEBIT PURCHASE -VISA Steamgames.com42425-9522985 WA,-14.09,Steam
316,6/19/2018,DEBIT,DEBIT PURCHASE -VISA KROGER #721     LEXINGTON   KY,-4.48,Kroger
317,6/20/2018,DEBIT,DEBIT PURCHASE -VISA AMAZON.COM AMZN.AMZN.COM/BILWA,-55.31,Amazon
318,6/21/2018,DEBIT,DEBIT PURCHASE -VISA KROGER #721     LEXINGTON   KY,-4.48,Kroger
319,6/22/2018,CREDIT,ELECTRONIC DEPOSIT Conduent Bus Svc,1414.65,Conduent
320,6/22/2018,DEBIT,DEBIT PURCHASE -VISA KROGER #721     LEXINGTON   KY,-3.49,Kroger
321,6/22/2018,DEBIT,DEBIT PURCHASE -VISA KROGER #721     LEXINGTON   KY,-59.34,Kroger
322,6/25/2018,DEBIT,DEBIT PURCHASE -VISA SUITE SOLUTIONS 419-4756538 OH,-70.82,Suite Solutions
323,6/25/2018,DEBIT,DEBIT PURCHASE - VISA PAYPAL *MUMBLEBO402-935-7733CA,-2.19,PayPal
324,6/25/2018,DEBIT,DEBIT PURCHASE -VISA DICK'S CLOTHING&LEXINGTON   KY,-25.44,Dick's
325,6/25/2018,DEBIT,DEBIT PURCHASE -VISA STARBUCKS       800-782-7282WA,-25.0,Starbucks
326,6/25/2018,DEBIT,DEBIT PURCHASE -VISA INSOMNIA COOKIESLEXINGTON   KY,-9.33,Insomia Cookies
327,6/25/2018,DEBIT,DEBIT PURCHASE - VISA STEAMGAMES.COM  425-889-9642WA,-39.73,Steam
328,6/25/2018,DEBIT,DEBIT PURCHASE -VISA ROKU FOR HBO    816-272-8107CA,-14.99,HBO
329,6/25/2018,DEBIT,DEBIT PURCHASE -VISA BLUE GRASS ENERG888-5464243 KY,-73.15,Blue Grass Energy
330,6/25/2018,DEBIT,DEBIT PURCHASE - VISA STEAMGAMES.COM  425-889-9642WA,-4.99,Steam
331,6/25/2018,DEBIT,DEBIT PURCHASE -VISA THE VILLAGE IDIOLEXINGTON   KY,-100.0,The Village Idiot
332,6/25/2018,DEBIT,DEBIT PURCHASE -VISA KROGER #721     LEXINGTON   KY,-14.61,Kroger
333,6/25/2018,DEBIT,DEBIT PURCHASE -VISA Amazon Services-866-321-8851WA,-3.17,Amazon
334,6/25/2018,DEBIT,ELECTRONIC WITHDRAWAL PARK FCU,-199.09,Park FCU
335,6/26/2018,CREDIT,ELECTRONIC DEPOSIT VENMO,0.34,Venmo
336,6/26/2018,CREDIT,ELECTRONIC DEPOSIT VENMO,0.17,Venmo
337,6/26/2018,DEBIT,DEBIT PURCHASE -VISA Steamgames.com42425-9522985 WA,-4.96,Steam
338,6/26/2018,DEBIT,DEBIT PURCHASE -VISA Steamgames.com42425-9522985 WA,-10.49,Steam
339,6/26/2018,DEBIT,DEBIT PURCHASE -VISA Steamgames.com42425-9522985 WA,-15.73,Steam
340,6/26/2018,DEBIT,DEBIT PURCHASE -VISA STEAMGAMES.COM 4425-8899642 WA,-9.99,Steam
341,6/26/2018,DEBIT,DEBIT PURCHASE -VISA HOTEL ACCOMMODAT888-8923818 AZ,-245.2,El Taco Luchador
342,6/26/2018,DEBIT,WEB AUTHORIZED PMT VENMO,-0.17,Venmo
343,6/26/2018,DEBIT,WEB AUTHORIZED PMT VENMO,-0.34,Venmo
344,6/27/2018,DEBIT,DEBIT PURCHASE -VISA TM *THE FORECAST800-653-8000CA,-82.85,The Village Idiot
345,6/27/2018,DEBIT,DEBIT PURCHASE -VISA TM *THE FORECAST800-653-8000CA,-93.1,The Village Idiot
346,6/27/2018,DEBIT,WEB AUTHORIZED PMT CAPITAL ONE,-158.79,Capital One
347,6/28/2018,DEBIT,DEBIT PURCHASE -VISA Amazon.com      AMZN.COM/BILWA,-21.45,Amazon
348,6/29/2018,DEBIT,DEBIT PURCHASE -VISA 1170 GREAT CLIPSLEXINGTON   KY,-20.0,Great Clips
349,7/2/2018,CREDIT,ELECTRONIC DEPOSIT VENMO,100.0,Venmo
350,7/2/2018,DEBIT,DEBIT PURCHASE -VISA PP*HUMBLEBUNDL H402-935-7733CA,-12.0,Humble
351,7/2/2018,DEBIT,DEBIT PURCHASE -VISA SQ *ROBERTS HEAVLEXINGTON   KY,-125.0,Roberts Heavy Duty
352,7/2/2018,DEBIT,DEBIT PURCHASE -VISA KROGER FUEL #872LEXINGTON   KY,-20.21,Kroger
353,7/2/2018,DEBIT,DEBIT PURCHASE -VISA KROGER #721     LEXINGTON   KY,-10.97,Kroger
354,7/2/2018,DEBIT,DEBIT PURCHASE -VISA SQ *PRETZEL TWISLEXINGTON   KY,-14.08,Pretzel Twist
355,7/2/2018,DEBIT,DEBIT PURCHASE - VISA GOOGLE *YouTube 855-836-3987CA,-40.0,Google
356,7/2/2018,DEBIT,DEBIT PURCHASE -VISA SAMS CLUB #8188 LEXINGTON   KY,-32.95,Sams Club
357,7/3/2018,DEBIT,DEBIT PURCHASE -VISA KROGER #721     LEXINGTON   KY,-20.31,Kroger
358,7/3/2018,DEBIT,WEB AUTHORIZED PMT PL*LeinbachCompa,-736.44,Leinbach Rent
359,7/5/2018,DEBIT,DEBIT PURCHASE -VISA TOTAL WINE AND MLEXINGTON   KY,-38.14,Total Wine
360,7/6/2018,CREDIT,ELECTRONIC DEPOSIT Conduent Bus Svc,1305.61,Conduent
361,7/6/2018,DEBIT,DEBIT PURCHASE -VISA JOE BOLOGNA`S   LEXINGTON   KY,-18.79,Joe Bologna
362,7/6/2018,DEBIT,DEBIT PURCHASE -VISA DELTA DENTAL OF OKEMOS      MI,-25.19,Delta Dental
363,7/6/2018,DEBIT,DEBIT PURCHASE -VISA KROGER #721     LEXINGTON   KY,-12.92,Kroger
364,7/6/2018,DEBIT,DEBIT PURCHASE -VISA BLAZE PIZZA THE LEXINGTON   KY,-22.26,Blaze Pizza
365,7/9/2018,DEBIT,DEBIT PURCHASE -VISA SQ *COMMON GROUNLEXINGTON   KY,-5.95,Common Grounds
366,7/9/2018,DEBIT,DEBIT PURCHASE -VISA MITCHELL DELI   NASHVILLE   TN,-12.55,Mitchell Deli
367,7/9/2018,DEBIT,DEBIT PURCHASE -VISA LYFT   *RIDE FRILYFT.COM    CA,-26.38,Lyft
368,7/9/2018,DEBIT,DEBIT PURCHASE -VISA FANDANGO.COM    FANDANGO.COMCA,-13.18,Fandango
369,7/9/2018,DEBIT,DEBIT PURCHASE -VISA TM *TICKETMASTER800-653-8000CA,-145.0,Ticketmaster
370,7/9/2018,DEBIT,ATM WITHDRAWAL 227  SHELBY AVE NASHVILLE   TNUS1,-42.75,El Taco Luchador
371,7/9/2018,DEBIT,DEBIT PURCHASE -VISA KROGER FUEL #872LEXINGTON   KY,-36.85,Kroger
372,7/9/2018,DEBIT,DEBIT PURCHASE -VISA COSTCO WHSE #115LEXINGTON   KY,-51.89,Costco
373,7/9/2018,DEBIT,DEBIT PURCHASE - VISA Spotify USA     646-8375380 NY,-5.29,Spotify
374,7/10/2018,DEBIT,DEBIT PURCHASE - VISA AmazonPrime Membamzn.com/prmWA,-13.77,Amazon
375,7/10/2018,DEBIT,DEBIT PURCHASE -VISA AMZN InstallmentAMZN.COM/BILWA,-16.0,Amazon
376,7/13/2018,DEBIT,DEBIT PURCHASE -VISA BP#2661320SALYERSALYERSVILLEKY,-13.0,BP
377,7/13/2018,DEBIT,DEBIT PURCHASE -VISA COSTCO WHSE #115LEXINGTON   KY,-73.12,Costco
378,7/13/2018,DEBIT,DEBIT PURCHASE -VISA KROGER #721     LEXINGTON   KY,-8.63,Kroger
379,7/13/2018,DEBIT,DEBIT PURCHASE -VISA KROGER #721     LEXINGTON   KY,-13.77,Kroger
380,7/13/2018,DEBIT,DEBIT PURCHASE -VISA KROGER FUEL #872LEXINGTON   KY,-28.47,Kroger
381,7/16/2018,DEBIT,DEBIT PURCHASE -VISA EL TACO LUCHADORLOUISVILLE  KY,-12.72,El Taco Luchador
382,7/16/2018,DEBIT,DEBIT PURCHASE -VISA FORECASTLE MUSICLOUISVILLE  KY,-20.0,Forecastle
383,7/16/2018,DEBIT,DEBIT PURCHASE - VISA DSC*DOLLAR SHAVE866-2232780 CA,-3.0,Dollar Shave Club
384,7/16/2018,DEBIT,DEBIT PURCHASE -VISA STARBUCKS       800-782-7282WA,-25.0,Starbucks
385,7/16/2018,DEBIT,DEBIT PURCHASE -VISA FANDANGO.COM    866-857-5191CA,-19.0,Fandango
386,7/16/2018,DEBIT,ATM WITHDRAWAL 100 W BROADWAY  LOUISVILLE  KYUS1,-22.99,BR Factory
387,7/16/2018,DEBIT,DEBIT PURCHASE -VISA FORECASTLE MUSICLOUISVILLE  KY,-11.0,Forecastle
388,7/16/2018,DEBIT,DEBIT PURCHASE -VISA Audible         adbl.co/billNJ,-15.85,Audible
389,7/17/2018,DEBIT,DEBIT PURCHASE -VISA EYEBUYDIRECT INC512-241-0654TX,-96.62,Eyebuydirect
390,7/18/2018,DEBIT,DEBIT PURCHASE -VISA USA*AVI FOOD SYSWARREN      OH,-0.95,US Bank
391,7/18/2018,DEBIT,DEBIT PURCHASE ENCLAVE HARTLANDLEXINGTON   KY,-104.0,Enclave
392,7/19/2018,DEBIT,DEBIT PURCHASE -VISA USA*AVI FOOD SYSWARREN      OH,-0.95,US Bank
393,7/20/2018,CREDIT,ELECTRONIC DEPOSIT Conduent Bus Svc,1387.95,Conduent
394,7/20/2018,DEBIT,DEBIT PURCHASE -VISA Amazon.com      AMZN.COM/BILWA,-30.73,Amazon
395,7/20/2018,DEBIT,DEBIT PURCHASE -VISA WHISKEY BEAR    LEXINGTON   KY,-48.0,Whiskey Bear
396,7/20/2018,DEBIT,DEBIT PURCHASE -VISA LYFT   *RIDE WEDLYFT.COM    CA,-9.08,Lyft
397,7/20/2018,DEBIT,DEBIT PURCHASE -VISA USA*AVI FOOD SYSWARREN      OH,-0.95,US Bank
398,7/20/2018,DEBIT,DEBIT PURCHASE -VISA PP*HUMBLEBUNDL  402-935-7733CA,-5.39,Humble
399,7/23/2018,DEBIT,DEBIT PURCHASE -VISA Amazon.com      AMZN.COM/BILWA,-171.18,Amazon
400,7/23/2018,DEBIT,DEBIT PURCHASE -VISA PAYPAL *BLIZZARD402-935-7733CA,-14.99,PayPal
401,7/23/2018,DEBIT,DEBIT PURCHASE -VISA Amazon.com      AMZN.COM/BILWA,-95.39,Amazon
402,7/23/2018,DEBIT,DEBIT PURCHASE -VISA KROGER #721     LEXINGTON   KY,-13.35,Kroger
403,7/23/2018,DEBIT,DEBIT PURCHASE -VISA 1170 GREAT CLIPSLEXINGTON   KY,-20.0,Great Clips
404,7/23/2018,DEBIT,DEBIT PURCHASE -VISA KROGER #347     LEXINGTON   KY,-13.57,Kroger
405,7/23/2018,DEBIT,DEBIT PURCHASE -VISA SUITE SOLUTIONS 419-4756538 OH,-70.82,Suite Solutions
406,7/23/2018,DEBIT,DEBIT PURCHASE -VISA APL* ITUNES.COM/866-712-7753CA,-3.17,iTunes
407,7/23/2018,DEBIT,DEBIT PURCHASE -VISA KROGER #721     LEXINGTON   KY,-35.71,Kroger
408,7/23/2018,DEBIT,DEBIT PURCHASE -VISA KROGER #721     LEXINGTON   KY,-11.12,Kroger
409,7/23/2018,DEBIT,DEBIT PURCHASE -VISA KROGER #721     LEXINGTON   KY,-8.56,Kroger
410,7/23/2018,DEBIT,DEBIT PURCHASE - VISA PAYPAL *MUMBLEBO402-935-7733CA,-2.19,PayPal
411,7/23/2018,DEBIT,DEBIT PURCHASE -VISA KROGER #721     LEXINGTON   KY,-49.81,Kroger
412,7/23/2018,0000000178,CHECK,-100.0,Check
413,7/24/2018,DEBIT,DEBIT PURCHASE -VISA AMAZON.COM AMZN.AMZN.COM/BILWA,-20.13,Amazon
414,7/24/2018,DEBIT,DEBIT PURCHASE -VISA KROGER #721     LEXINGTON   KY,-2.53,Kroger
415,7/24/2018,DEBIT,ELECTRONIC WITHDRAWAL PARK FCU,-199.09,Park FCU
416,7/25/2018,DEBIT,DEBIT PURCHASE -VISA ROKU FOR HBO    816-272-8107CA,-14.99,HBO
417,7/25/2018,DEBIT,DEBIT PURCHASE -VISA BLUE GRASS ENERG888-5464243 KY,-78.69,Blue Grass Energy
418,7/25/2018,DEBIT,DEBIT PURCHASE -VISA STEAMGAMES.COM  425-889-9642WA,-14.13,Steam
419,7/26/2018,DEBIT,DEBIT PURCHASE -VISA Audible         adbl.co/billNJ,-10.55,Audible
420,7/27/2018,DEBIT,DEBIT PURCHASE -VISA KROGER #721     LEXINGTON   KY,-8.94,Kroger
421,7/27/2018,DEBIT,DEBIT PURCHASE -VISA KROGER FUEL #872LEXINGTON   KY,-39.24,Kroger
422,7/27/2018,DEBIT,DEBIT PURCHASE KROGER #7 4750 HLEXINGTON   KY---- You Requested $10.00 in Cash Back,-10.0,Kroger
423,7/30/2018,DEBIT,DEBIT PURCHASE -VISA COOK OUT LEXINGTLEXINGTON   KY,-6.34,Cook Out
424,7/30/2018,DEBIT,DEBIT PURCHASE -VISA PAZZOS PIZZA PUBLEXINGTON   KY,-7.3,Pazzos
425,7/30/2018,DEBIT,DEBIT PURCHASE -VISA MAGEE`S BAKERY  LEXINGTON   KY,-20.37,Magee's Bakery
426,7/30/2018,DEBIT,DEBIT PURCHASE -VISA PP*HUMBLEBUNDL H402-935-7733CA,-12.0,Humble
427,7/30/2018,DEBIT,DEBIT PURCHASE -VISA GHIRARDELLI #142SIMPSONVILLEKY,-1.17,North Li
428,7/30/2018,DEBIT,DEBIT PURCHASE -VISA ADIDAS 6244     SIMPSONVILLEKY,-40.26,Adidas
429,7/30/2018,DEBIT,DEBIT PURCHASE -VISA GAP OUTLET US 24SIMPSONVILLEKY,-63.56,Gap
430,7/30/2018,DEBIT,DEBIT PURCHASE -VISA BR FACTORY US 12SIMPSONVILLEKY,-29.68,BR Factory
431,7/30/2018,DEBIT,DEBIT PURCHASE -VISA GREAT AMERICAN CSIMPSONVILLEKY,-7.37,Great Clips
432,7/30/2018,DEBIT,DEBIT PURCHASE -VISA TOTAL WINE AND MLEXINGTON   KY,-17.44,Total Wine
433,7/30/2018,DEBIT,DEBIT PURCHASE -VISA JOSEPH- BETH BOOLEXINGTON   KY,-10.59,Joseph Beth Bookstore
434,7/30/2018,DEBIT,DEBIT PURCHASE -VISA SAMS CLUB #8188 LEXINGTON   KY,-64.89,Sams Club
435,7/30/2018,DEBIT,DEBIT PURCHASE -VISA KROGER #721     LEXINGTON   KY,-15.27,Kroger
436,7/31/2018,DEBIT,DEBIT PURCHASE -VISA PIZZA HUT 998000PITTSBURG   KS,-29.48,Mod Pizza
437,7/31/2018,DEBIT,DEBIT PURCHASE -VISA AMAZON MKTPLACE WWW.AMAZON.CWA,-39.98,Amazon
438,7/31/2018,DEBIT,DEBIT PURCHASE -VISA KROGER #721     LEXINGTON   KY,-4.08,Kroger
439,8/2/2018,DEBIT,DEBIT PURCHASE -VISA BOYD THORNTON   LEXINGTON   KY,-188.5,Boyd Thornton
440,8/2/2018,DEBIT,DEBIT PURCHASE -VISA CARSONS FOOD ANDLEXINGTON   KY,-99.04,Carsons
441,8/2/2018,DEBIT,WEB AUTHORIZED PMT CAPITAL ONE,-141.6,Capital One
442,8/3/2018,CREDIT,ELECTRONIC DEPOSIT Conduent Bus Svc,1355.97,Conduent
443,8/6/2018,DEBIT,DEBIT PURCHASE -VISA THE MERRICK INN LEXINGTON   KY,-10.0,The Village Idiot
444,8/6/2018,DEBIT,DEBIT PURCHASE -VISA KROGER #347     LEXINGTON   KY,-14.83,Kroger
445,8/6/2018,DEBIT,DEBIT PURCHASE -VISA KROGER #721     LEXINGTON   KY,-9.47,Kroger
446,8/6/2018,DEBIT,DEBIT PURCHASE -VISA TRADER JOE'S #62LEXINGTON   KY,-42.83,Trade Joe's
447,8/6/2018,DEBIT,DEBIT PURCHASE -VISA DELTA DENTAL OF OKEMOS      MI,-25.19,Delta Dental
448,8/6/2018,DEBIT,DEBIT PURCHASE -VISA KROGER #721     LEXINGTON   KY,-13.2,Kroger
449,8/6/2018,DEBIT,WEB AUTHORIZED PMT PL*LeinbachCompa,-265.57,Leinbach Rent
450,8/7/2018,DEBIT,DEBIT PURCHASE -VISA USA*AVI FOOD SYSWARREN      OH,-0.95,US Bank
451,8/7/2018,DEBIT,WEB AUTHORIZED PMT PL*LeinbachCompa,-525.0,Leinbach Rent
452,8/8/2018,DEBIT,DEBIT PURCHASE -VISA APPLIANCE WAREHO972-4169511 TX,-82.52,North Li
453,8/9/2018,DEBIT,DEBIT PURCHASE -VISA AMZN MKTP US AMZAMZN.COM/BILWA,-10.77,Amazon
454,8/9/2018,DEBIT,DEBIT PURCHASE -VISA AMZN InstallmentAMZN.COM/BILWA,-15.99,Amazon
455,8/9/2018,DEBIT,DEBIT PURCHASE -VISA Amazon.com      Amzn.com/bilWA,-22.69,Amazon
456,8/9/2018,DEBIT,DEBIT PURCHASE -VISA KROGER #721     LEXINGTON   KY,-7.22,Kroger
457,8/9/2018,DEBIT,DEBIT PURCHASE - VISA Spotify USA     646-8375380 NY,-5.29,Spotify
458,8/10/2018,DEBIT,DEBIT PURCHASE - VISA Amazon Prime    Amzn.com/bilWA,-126.14,Amazon
459,8/10/2018,DEBIT,DEBIT PURCHASE -VISA KROGER #721     LEXINGTON   KY,-8.47,Kroger
460,8/13/2018,DEBIT,DEBIT PURCHASE -VISA COSTCO WHSE #115LEXINGTON   KY,-55.74,Costco
461,8/13/2018,DEBIT,DEBIT PURCHASE -VISA KROGER #721     LEXINGTON   KY,-3.7,Kroger
462,8/13/2018,DEBIT,DEBIT PURCHASE -VISA SQ *COMMON GROUNLexington   KY,-5.0,Common Grounds
463,8/13/2018,DEBIT,DEBIT PURCHASE -VISA EIFFELPIZZA     SLICELIFE.CONY,-13.28,Mod Pizza
464,8/13/2018,DEBIT,DEBIT PURCHASE -VISA AMZN DIGITAL 888888-802-3080WA,-3.99,Amazon
465,8/13/2018,DEBIT,DEBIT PURCHASE -VISA LOWES #00507*   LEXINGTON   KY,-16.99,Lowes
466,8/13/2018,DEBIT,DEBIT PURCHASE -VISA MARSHALLS #0730 LEXINGTON   KY,-16.94,Marshalls
467,8/13/2018,DEBIT,DEBIT PURCHASE -VISA KROGER #721     LEXINGTON   KY,-18.49,Kroger
468,8/15/2018,DEBIT,DEBIT PURCHASE -VISA 1170 GREAT CLIPSLEXINGTON   KY,-20.0,Great Clips
469,8/15/2018,DEBIT,DEBIT PURCHASE -VISA KROGER #721     LEXINGTON   KY,-8.51,Kroger
470,8/15/2018,DEBIT,DEBIT PURCHASE -VISA Audible         Amzn.com/bilNJ,-15.85,Audible
471,8/16/2018,DEBIT,DEBIT PURCHASE -VISA (800)6836346 VenVENDINI.COM CA,-78.46,Vendini
472,8/16/2018,DEBIT,DEBIT PURCHASE -VISA USA*AVI FOOD SYSWARREN      OH,-0.95,US Bank
473,8/17/2018,CREDIT,ELECTRONIC DEPOSIT Conduent Bus Svc,1511.06,Conduent
474,8/17/2018,DEBIT,DEBIT PURCHASE -VISA POSTMATES STARBUHTTPSPOSTMATCA,-6.82,Postmates
475,8/17/2018,DEBIT,DEBIT PURCHASE -VISA KROGER FUEL #872LEXINGTON   KY,-43.58,Kroger
476,8/20/2018,DEBIT,DEBIT PURCHASE -VISA PAZZOS PIZZA PUBLEXINGTON   KY,-53.9,Pazzos
477,8/20/2018,DEBIT,DEBIT PURCHASE -VISA INSOMNIA COOKIES877-632-6654KY,-13.19,Insomia Cookies
478,8/20/2018,DEBIT,DEBIT PURCHASE -VISA BOYD THORNTON   LEXINGTON   KY,-88.0,Boyd Thornton
479,8/20/2018,DEBIT,DEBIT PURCHASE -VISA GAMESTOP #839   LEXINGTON   KY,-42.39,Gamestop
480,8/20/2018,DEBIT,DEBIT PURCHASE -VISA TARGET        00LEXINGTON   KY,-7.08,Target
481,8/20/2018,DEBIT,DEBIT PURCHASE -VISA KROGER #721     LEXINGTON   KY,-15.51,Kroger
482,8/20/2018,DEBIT,DEBIT PURCHASE -VISA KROGER #721     LEXINGTON   KY,-2.99,Kroger
483,8/21/2018,DEBIT,DEBIT PURCHASE -VISA PAYPAL *BLIZZARD402-935-7733CA,-14.99,PayPal
484,8/21/2018,DEBIT,DEBIT PURCHASE -VISA THE SPORT & SOCI859-6185271 KY,-73.14,The Village Idiot
485,8/22/2018,DEBIT,DEBIT PURCHASE -VISA LOWES #00507*   LEXINGTON   KY,-47.58,Lowes
486,8/22/2018,DEBIT,DEBIT PURCHASE -VISA KROGER #347     LEXINGTON   KY,-13.55,Kroger
487,8/23/2018,DEBIT,DEBIT PURCHASE -VISA BLUE GRASS ENERG888-5464243 KY,-129.64,Blue Grass Energy
488,8/23/2018,DEBIT,DEBIT PURCHASE -VISA TARGET.COM  *   800-591-3869MN,-40.46,Target
489,8/23/2018,DEBIT,DEBIT PURCHASE - VISA PAYPAL *MUMBLEBO402-935-7733CA,-2.19,PayPal
490,8/23/2018,DEBIT,DEBIT PURCHASE -VISA EYEBUYDIRECT INC512-241-0654TX,-5.95,Eyebuydirect
491,8/23/2018,DEBIT,WEB AUTHORIZED PMT CAPITAL ONE,-141.6,Capital One
492,8/24/2018,DEBIT,DEBIT PURCHASE -VISA AMZN Mktp US    Amzn.com/bilWA,-13.99,Amazon
493,8/24/2018,DEBIT,DEBIT PURCHASE -VISA STARBUCKS STORE LEXINGTON   KY,-4.39,Starbucks
494,8/24/2018,DEBIT,DEBIT PURCHASE -VISA AMZN Mktp US    Amzn.com/bilWA,-12.99,Amazon
495,8/24/2018,DEBIT,DEBIT PURCHASE -VISA KROGER #721     LEXINGTON   KY,-7.41,Kroger
496,8/24/2018,DEBIT,ELECTRONIC WITHDRAWAL PARK FCU,-199.09,Park FCU
497,8/27/2018,DEBIT,DEBIT PURCHASE -VISA ROKU FOR HBO    816-272-8107CA,-14.99,HBO
498,8/27/2018,DEBIT,DEBIT PURCHASE -VISA POSTMATES STARBUHTTPSPOSTMATCA,-12.43,Postmates
499,8/27/2018,DEBIT,DEBIT PURCHASE -VISA COSTCO WHSE #115LEXINGTON   KY,-31.77,Costco
500,8/27/2018,DEBIT,DEBIT PURCHASE -VISA LIQUOR BARN - HALEXINGTON   KY,-63.59,North Li
501,8/27/2018,DEBIT,DEBIT PURCHASE -VISA Amazon.com      Amzn.com/bilWA,-15.77,Amazon
502,8/27/2018,DEBIT,DEBIT PURCHASE -VISA KROGER #721     LEXINGTON   KY,-20.33,Kroger
503,8/27/2018,DEBIT,DEBIT PURCHASE -VISA KROGER #721     LEXINGTON   KY,-13.23,Kroger
504,8/27/2018,DEBIT,WEB AUTHORIZED PMT PL*LeinbachCompa,-36.03,Leinbach Rent
505,8/31/2018,CREDIT,ELECTRONIC DEPOSIT Conduent Bus Svc,1577.81,Conduent
506,8/31/2018,DEBIT,DEBIT PURCHASE -VISA STARBUCKS       800-782-7282WA,-25.0,Starbucks
507,9/4/2018,DEBIT,DEBIT PURCHASE -VISA PP*HUMBLEBUNDL H402-935-7733CA,-12.0,Humble
508,9/4/2018,DEBIT,DEBIT PURCHASE -VISA KROGER FUEL #872LEXINGTON   KY,-33.27,Kroger
509,9/4/2018,DEBIT,DEBIT PURCHASE -VISA BARNES & NOBLE #LEXINGTON   KY,-16.96,Liquor Barn
510,9/5/2018,DEBIT,WEB AUTHORIZED PMT PL*LeinbachCompa,-775.0,Leinbach Rent
511,9/6/2018,DEBIT,DEBIT PURCHASE -VISA DELTA DENTAL OF OKEMOS      MI,-25.19,Delta Dental
512,9/6/2018,DEBIT,DEBIT PURCHASE - VISA Amazon Subscriptamzn.com/bilWA,-3.99,Amazon
513,9/10/2018,DEBIT,DEBIT PURCHASE -VISA SUITE SOLUTIONS 419-4756538 OH,-122.77,Suite Solutions
514,9/10/2018,DEBIT,DEBIT PURCHASE -VISA STEAMGAMES.COM 4425-8899642 WA,-8.98,Steam
515,9/10/2018,DEBIT,DEBIT PURCHASE -VISA KROGER #721     LEXINGTON   KY,-15.89,Kroger
516,9/10/2018,DEBIT,DEBIT PURCHASE -VISA PAYPAL *BLIZZARD402-935-7733CA,-25.0,PayPal
517,9/10/2018,DEBIT,DEBIT PURCHASE -VISA MARATHON PETRO88LEXINGTON   KY,-10.0,Marathon
518,9/10/2018,DEBIT,DEBIT PURCHASE -VISA ROKU CHANNEL STO816-272-8107CA,-10.99,El Taco Luchador
519,9/10/2018,DEBIT,DEBIT PURCHASE - VISA Spotify USA     646-8375380 NY,-10.59,Spotify
520,9/10/2018,DEBIT,DEBIT PURCHASE -VISA KROGER #721     LEXINGTON   KY,-15.98,Kroger
521,9/11/2018,DEBIT,DEBIT PURCHASE - VISA DSC*DOLLAR SHAVE866-2232780 CA,-3.0,Dollar Shave Club
522,9/12/2018,DEBIT,DEBIT PURCHASE -VISA Amazon.com      Amzn.com/bilWA,-45.46,Amazon
523,9/12/2018,DEBIT,DEBIT PURCHASE -VISA 1170 GREAT CLIPSLEXINGTON   KY,-20.0,Great Clips
524,9/12/2018,DEBIT,DEBIT PURCHASE -VISA KROGER FUEL #872LEXINGTON   KY,-15.01,Kroger
525,9/12/2018,DEBIT,DEBIT PURCHASE -VISA HOPCAT LEXINGTONLEXINGTON   KY,-8.0,Lexington Sport Social Club
526,9/13/2018,DEBIT,DEBIT PURCHASE -VISA PP*HUMBLEBUNDL H402-935-7733CA,-1.0,Humble
527,9/14/2018,CREDIT,ELECTRONIC DEPOSIT Conduent Bus Svc,1606.17,Conduent
528,9/17/2018,DEBIT,DEBIT PURCHASE -VISA KROGER #721     LEXINGTON   KY,-9.98,Kroger
529,9/17/2018,DEBIT,DEBIT PURCHASE -VISA Amazon.com      Amzn.com/bilWA,-12.71,Amazon
530,9/17/2018,DEBIT,DEBIT PURCHASE -VISA COSTCO WHSE #115LEXINGTON   KY,-56.36,Costco
531,9/17/2018,DEBIT,DEBIT PURCHASE -VISA KROGER #721     LEXINGTON   KY,-15.53,Kroger
532,9/17/2018,DEBIT,DEBIT PURCHASE -VISA KROGER #721     LEXINGTON   KY,-18.01,Kroger
533,9/17/2018,DEBIT,DEBIT PURCHASE -VISA PP*HUMBLEBUNDL H402-935-7733CA,-8.99,Humble
534,9/17/2018,DEBIT,DEBIT PURCHASE -VISA Audible US      888-283-5051NJ,-15.85,Audible
535,9/17/2018,DEBIT,DEBIT PURCHASE - VISA HLU*Hulu 2571169HULU.COM/BILCA,-5.99,Hulu
536,9/17/2018,DEBIT,DEBIT PURCHASE -VISA IKEA WEST CHESTEWEST CHESTEROH,-22.24,West Main
537,9/17/2018,DEBIT,DEBIT PURCHASE -VISA HONEYWOOD RESTAULEXINGTON   KY,-110.0,Capital One
538,9/17/2018,DEBIT,DEBIT PURCHASE -VISA WHOLEFDS LXG#105LEXINGTON   KY,-19.07,Lexington Sport Social Club
539,9/17/2018,DEBIT,DEBIT PURCHASE -VISA KROGER #721     LEXINGTON   KY,-27.54,Kroger
540,9/17/2018,DEBIT,WEB AUTHORIZED PMT DEPT EDUCATION,-98.53,Dept of Education
541,9/18/2018,DEBIT,DEBIT PURCHASE -VISA KROGER #721     LEXINGTON   KY,-5.25,Kroger
542,9/18/2018,DEBIT,DEBIT PURCHASE -VISA PP*HUMBLEBUNDL H402-935-7733CA,-15.0,Humble
543,9/20/2018,DEBIT,DEBIT PURCHASE -VISA AMZN Install*MT9AMZN.COM/BILWA,-28.6,Amazon
544,9/20/2018,DEBIT,DEBIT PURCHASE -VISA OFFICE DEPOT #11800-463-3768OH,-169.59,Dept of Education
545,9/20/2018,DEBIT,DEBIT PURCHASE -VISA LEXPARK WEB     859-231-7275KY,-50.0,Park FCU
546,9/20/2018,DEBIT,Vehicle Registration,-138.14,Vehicle Registration
547,9/21/2018,DEBIT,DEBIT PURCHASE -VISA Amazon.com*MT33BAmzn.com/bilWA,-61.47,Amazon
548,9/21/2018,DEBIT,DEBIT PURCHASE -VISA Amazon.com*MT6LZAmzn.com/bilWA,-8.35,Amazon
549,9/21/2018,DEBIT,DEBIT PURCHASE -VISA PAYPAL *BLIZZARD402-935-7733CA,-14.99,PayPal
550,9/24/2018,DEBIT,DEBIT PURCHASE -VISA KROGER #721     LEXINGTON   KY,-2.49,Kroger
551,9/24/2018,DEBIT,DEBIT PURCHASE -VISA SAMS CLUB #8188 LEXINGTON   KY,-44.88,Sams Club
552,9/24/2018,DEBIT,DEBIT PURCHASE -VISA KROGER #407     LEXINGTON   KY,-6.7,Kroger
553,9/24/2018,DEBIT,DEBIT PURCHASE -VISA STARBUCKS       800-782-7282WA,-25.0,Starbucks
554,9/24/2018,DEBIT,DEBIT PURCHASE -VISA KROGER #407     LEXINGTON   KY,-40.9,Kroger
555,9/24/2018,DEBIT,DEBIT PURCHASE -VISA KROGER FUEL #840LEXINGTON   KY,-46.22,Kroger
556,9/24/2018,DEBIT,DEBIT PURCHASE - VISA PAYPAL *MUMBLEBO402-935-7733CA,-2.19,PayPal
557,9/24/2018,DEBIT,DEBIT PURCHASE -VISA BLUE GRASS ENERG888-5464243 KY,-74.89,Blue Grass Energy
558,9/24/2018,DEBIT,DEBIT PURCHASE -VISA PAYPAL *CRUNCHYR402-935-7733CA,-6.95,PayPal
559,9/24/2018,DEBIT,ELECTRONIC WITHDRAWAL PARK FCU,-199.09,Park FCU
560,9/25/2018,DEBIT,DEBIT PURCHASE -VISA ROKU FOR HBO    816-272-8107CA,-14.99,HBO
561,9/28/2018,CREDIT,ELECTRONIC DEPOSIT Conduent Bus Svc,1765.19,Conduent
562,9/28/2018,DEBIT,DEBIT PURCHASE -VISA APPLIANCE WAREHO972-4169511 TX,-37.05,North Li
563,9/28/2018,DEBIT,WEB AUTHORIZED PMT CAPITAL ONE,-7.0,Capital One
564,10/1/2018,DEBIT,DEBIT PURCHASE -VISA Amazon.com*MT3MEAmzn.com/bilWA,-42.38,Amazon
565,10/1/2018,DEBIT,DEBIT PURCHASE -VISA PP*HUMBLEBUNDL H402-935-7733CA,-12.0,Humble
566,10/1/2018,DEBIT,DEBIT PURCHASE - VISA EA *ORIGIN.COM  help.ea.com CA,-63.59,El Taco Luchador
567,10/1/2018,DEBIT,DEBIT PURCHASE -VISA AMZN Mktp US*MT4Amzn.com/bilWA,-37.97,Amazon
568,10/1/2018,DEBIT,DEBIT PURCHASE -VISA Amazon.com*MT8EXAmzn.com/bilWA,-6.67,Amazon
569,10/3/2018,DEBIT,DEBIT PURCHASE -VISA PAYPAL *NBCSPORT402-935-7733CT,-49.99,PayPal
570,10/3/2018,DEBIT,WEB AUTHORIZED PMT PL*LeinbachCompa,-780.99,Leinbach Rent
571,10/9/2018,DEBIT,DEBIT PURCHASE -VISA DELTA DENTAL OF OKEMOS      MI,-25.19,Delta Dental
572,10/9/2018,DEBIT,DEBIT PURCHASE - VISA Amazon Subsc*MT7amzn.com/bilWA,-3.99,Amazon
573,10/9/2018,DEBIT,DEBIT PURCHASE -VISA PP*HUMBLEBUNDL H402-935-7733CA,-12.0,Humble
574,10/9/2018,DEBIT,DEBIT PURCHASE -VISA Amazon.com*MT886Amzn.com/bilWA,-20.91,Amazon
575,10/9/2018,DEBIT,DEBIT PURCHASE - VISA Spotify USA     646-8375380 NY,-10.59,Spotify
576,10/9/2018,DEBIT,WEB AUTHORIZED PMT CHASE CREDIT CRD,-200.0,Chase
577,10/9/2018,DEBIT,WEB AUTHORIZED PMT CHASE CREDIT CRD,-300.0,Chase
578,10/9/2018,DEBIT,WEB AUTHORIZED PMT VENMO,-2500.0,Venmo
579,10/10/2018,DEBIT,DEBIT PURCHASE -VISA AMZN Mktp US*MT1Amzn.com/bilWA,-14.99,Amazon
580,10/10/2018,DEBIT,DEBIT PURCHASE -VISA AMZN Mktp US*MT1Amzn.com/bilWA,-8.73,Amazon
581,10/10/2018,DEBIT,DEBIT PURCHASE -VISA AMZN MKTP US*MT6AMZN.COM/BILWA,-8.99,Amazon
582,10/11/2018,DEBIT,DEBIT PURCHASE -VISA PP*HUMBLEBUNDL H402-935-7733CA,-8.0,Humble
583,10/11/2018,DEBIT,DEBIT PURCHASE -VISA USA*AVI FOOD SYSWARREN      OH,-1.0,US Bank
584,10/11/2018,DEBIT,DEBIT PURCHASE -VISA 1170 GREAT CLIPSLEXINGTON   KY,-20.0,Great Clips
585,10/11/2018,DEBIT,DEBIT PURCHASE -VISA KROGER #721     LEXINGTON   KY,-5.58,Kroger
586,10/12/2018,CREDIT,ELECTRONIC DEPOSIT Conduent Bus Svc,1687.22,Conduent
587,10/12/2018,DEBIT,DEBIT PURCHASE -VISA KROGER #721     LEXINGTON   KY,-24.2,Kroger
588,10/12/2018,DEBIT,DEBIT PURCHASE -VISA KROGER #721     LEXINGTON   KY,-34.97,Kroger
589,10/15/2018,DEBIT,DEBIT PURCHASE -VISA APPLIANCE WAREHO972-4169511 TX,-52.05,North Li
590,10/15/2018,DEBIT,DEBIT PURCHASE -VISA VIOC 040022     LEXINGTON   KY,-114.54,Lexington Sport Social Club
591,10/15/2018,DEBIT,DEBIT PURCHASE -VISA AT HOME STORE #2LEXINGTON   KY,-4.23,Lexington Sport Social Club
592,10/15/2018,DEBIT,DEBIT PURCHASE -VISA ROSS STORES #173LEXINGTON   KY,-11.65,Lexington Sport Social Club
593,10/15/2018,DEBIT,DEBIT PURCHASE -VISA AMZN Mktp US*M85Amzn.com/bilWA,-14.33,Amazon
594,10/15/2018,DEBIT,DEBIT PURCHASE - VISA HLU*Hulu 2571169HULU.COM/BILCA,-5.99,Hulu
595,10/15/2018,DEBIT,DEBIT PURCHASE -VISA SAMS CLUB #8188 LEXINGTON   KY,-38.87,Sams Club
596,10/15/2018,DEBIT,DEBIT PURCHASE -VISA KROGER #721     LEXINGTON   KY,-2.49,Kroger
597,10/15/2018,DEBIT,DEBIT PURCHASE -VISA Audible US      888-283-5051NJ,-15.85,Audible
598,10/16/2018,DEBIT,DEBIT PURCHASE -VISA USA*AVI FOOD SYSWARREN      OH,-0.95,US Bank
599,10/16/2018,DEBIT,DEBIT PURCHASE -VISA KROGER #721     LEXINGTON   KY,-23.16,Kroger
600,10/16/2018,DEBIT,WEB AUTHORIZED PMT DEPT EDUCATION,-98.53,Dept of Education
601,10/17/2018,DEBIT,DEBIT PURCHASE -VISA AMZN Mktp US*MT1Amzn.com/bilWA,-27.99,Amazon
602,10/17/2018,DEBIT,DEBIT PURCHASE -VISA KROGER FUEL #872LEXINGTON   KY,-37.53,Kroger
603,10/19/2018,DEBIT,DEBIT PURCHASE -VISA KROGER #721     LEXINGTON   KY,-24.25,Kroger
604,10/22/2018,DEBIT,DEBIT PURCHASE -VISA AMZN Install*M80AMZN.COM/BILWA,-22.0,Amazon
605,10/22/2018,DEBIT,DEBIT PURCHASE - VISA STEAMGAMES.COM  425-889-9642WA,-19.99,Steam
606,10/23/2018,DEBIT,DEBIT PURCHASE - VISA PAYPAL *MUMBLEBO402-935-7733CA,-2.19,PayPal
607,10/24/2018,DEBIT,DEBIT PURCHASE -VISA BLUE GRASS ENERG888-5464243 KY,-93.9,Blue Grass Energy
608,10/24/2018,DEBIT,DEBIT PURCHASE -VISA KROGER #721     LEXINGTON   KY,-11.62,Kroger
609,10/24/2018,DEBIT,ELECTRONIC WITHDRAWAL PARK FCU,-199.09,Park FCU
610,10/25/2018,DEBIT,DEBIT PURCHASE -VISA ROKU FOR HBO    816-272-8107CA,-14.99,HBO
611,10/26/2018,CREDIT,ELECTRONIC DEPOSIT Conduent Bus Svc,1668.45,Conduent
612,10/29/2018,DEBIT,DEBIT PURCHASE -VISA STARBUCKS STORE LEXINGTON   KY,-4.29,Starbucks
613,10/29/2018,DEBIT,DEBIT PURCHASE -VISA STEAMGAMES.COM 4425-8899642 WA,-15.89,Steam
614,10/29/2018,DEBIT,DEBIT PURCHASE -VISA JetBrains Americ165-05772345CA,-66.04,BR Factory
615,10/29/2018,DEBIT,DEBIT PURCHASE -VISA KROGER #407     LEXINGTON   KY,-44.06,Kroger
616,10/29/2018,DEBIT,DEBIT PURCHASE -VISA SUPER QUIK  9   ASHLAND     KY,-16.0,Air and Vacuum
617,10/30/2018,DEBIT,DEBIT PURCHASE -VISA STARBUCKS       800-782-7282WA,-25.0,Starbucks
618,11/1/2018,DEBIT,DEBIT PURCHASE -VISA KROGER FUEL #872LEXINGTON   KY,-35.77,Kroger
619,11/2/2018,DEBIT,DEBIT PURCHASE -VISA 1170 GREAT CLIPSLEXINGTON   KY,-20.0,Great Clips
620,11/2/2018,DEBIT,WEB AUTHORIZED PMT PL*LeinbachCompa,-819.92,Leinbach Rent
